id,first_name,last_name,created_at,updated_at
14,Casimer,Hettinger,2012-03-27 14:54:13 UTC,2012-03-27 14:54:13 UTC
28,Wilfred,Emmerich,2012-03-27 14:54:16 UTC,2012-03-27 14:54:16 UTC
51,Adelbert,Stark,2012-03-27 14:54:21 UTC,2012-03-27 14:54:21 UTC
106,Davonte,Vandervort,2012-03-27 14:54:34 UTC,2012-03-27 14:54:34 UTC
128,Ernesto,Gleason,2012-03-27 14:54:40 UTC,2012-03-27 14:54:40 UTC
182,Mia,Thiel,2012-03-27 14:54:54 UTC,2012-03-27 14:54:54 UTC
220,Roma,Ryan,2012-03-27 14:55:04 UTC,2012-03-27 14:55:04 UTC
300,Jayme,Hammes,2012-03-27 14:55:23 UTC,2012-03-27 14:55:23 UTC
338,Gwendolyn,Kuhic,2012-03-27 14:55:33 UTC,2012-03-27 14:55:33 UTC
339,Darien,Becker,2012-03-27 14:55:34 UTC,2012-03-27 14:55:34 UTC
